Workbook

Sheet Black Box Test Cases
A1: Test Case ID | B1: Module | C1: Test Scenario | D1: Precondition | E1: Input | F1: Expected Output | G1: Actual Output | H1: Status (Pass/Fail)
A2: BB-01 | B2: Login | C2: Login with valid credentials | D2: Admin 'admin' exists | E2: username=admin, password=secret1 | F2: Login successful. Role: Admin | G2: Login successful. Role: Admin | H2: Pass
A3: BB-02 | B3: Login | C3: Login with wrong password | D3: Admin 'admin' exists | E3: username=admin, password=wrong | F3: Invalid username or password. | G3: Invalid username or password. | Invalid username or password. | Invalid username or password. | Too many failed attempts. | H3: Pass
A4: BB-03 | B4: Login | C4: Login with unknown username | D4: No such user | E4: username=ghost, password=secret1 | F4: Invalid username or password. | G4: Invalid username or password. | Invalid username or password. | Invalid username or password. | Too many failed attempts. | H4: Pass
A5: BB-04 | B5: Login | C5: Three failed login attempts | D5: Admin exists | E5: 3 wrong passwords | F5: Too many failed attempts. | G5: Invalid username or password. | Invalid username or password. | Invalid username or password. | Too many failed attempts. | H5: Pass
A6: BB-05 | B6: Login | C6: First run creates first Admin | D6: No users in database | E6: username=admin, password=secret1 | F6: User created. | G6: No users found. Create the first Admin account. | User created. | H6: Pass
A7: BB-06 | B7: Login | C7: Register with password shorter than 6 characters | D7: Admin logged in, User Management open | E7: username=nurse, password=123, role=Receptionist | F7: Password must be at least 6 characters. | G7: Password must be at least 6 characters. | H7: Pass
A8: BB-07 | B8: Login | C8: Register duplicate username | D8: User 'admin' exists | E8: username=admin, password=secret1, role=Doctor | F8: Username already exists. | G8: Username already exists. | H8: Pass
A9: BB-08 | B9: Login | C9: Register with invalid role | D9: Admin logged in | E9: username=x, password=secret1, role=Janitor | F9: Role must be one of: Admin, Doctor, Receptionist | G9: Role must be one of: Admin, Doctor, Receptionist | H9: Pass
A10: BB-09 | B10: Login | C10: Delete the only Admin | D10: One Admin exists | E10: Delete user ID 1 | F10: Cannot delete the last Admin. | G10: Cannot delete the last Admin. | H10: Pass
A11: BB-10 | B11: Roles | C11: Doctor sees only Appointment module | D11: Logged in as Doctor | E11: Open main menu | F11: Only 'Doctor & Appointment Module' and Logout are shown; Billing and Patient are hidden | G11: User: dr | Role: Doctor | 1. Doctor & Appointment Module | 2. Logout | Logged out. | H11: Pass
A12: BB-11 | B12: Roles | C12: Receptionist sees Patient and Billing modules | D12: Logged in as Receptionist | E12: Open main menu | F12: Patient Module and Billing Module shown; Appointment hidden | G12: User: rec | Role: Receptionist | 1. Patient Module | 2. Billing Module | 3. Logout | Logged out. | H12: Pass
... A49: BB-48 | B49: General | C49: Invalid menu choice in Patient module | D49: Patient Module open | E49: Choice=9 | F49: Invalid choice. | G49: Invalid choice. | Goodbye. | H49: Pass

Sheet Summary
A1: Hospital Management System - Black-Box Test Summary
A3: Total test cases | B3: =COUNTA('Black Box Test Cases'!A2:A49) -> 48
A4: Passed | B4: =COUNTIF('Black Box Test Cases'!H2:H49,"Pass") -> 48
A5: Failed | B5: =COUNTIF('Black Box Test Cases'!H2:H49,"Fail") -> 0
A6: Pass percentage | B6: =IF(B3=0,0,B4/B3) -> 1
A8: Module | B8: Test cases | C8: Passed | D8: Failed
A9: Login | B9: =COUNTIF('Black Box Test Cases'!B2:B49,A9) -> 9 | C9: =COUNTIFS('Black Box Test Cases'!B2:B49,A9,'Black Box Test Cases'!H2:H49,"Pass") -> 9 | D9: =COUNTIFS('Black Box Test Cases'!B2:B49,A9,'Black Box Test Cases'!H2:H49,"Fail") -> 0
A10: Roles | B10: =COUNTIF('Black Box Test Cases'!B2:B49,A10) -> 4 | C10: =COUNTIFS('Black Box Test Cases'!B2:B49,A10,'Black Box Test Cases'!H2:H49,"Pass") -> 4 | D10: =COUNTIFS('Black Box Test Cases'!B2:B49,A10,'Black Box Test Cases'!H2:H49,"Fail") -> 0
A11: Patient | B11: =COUNTIF('Black Box Test Cases'!B2:B49,A11) -> 13 | C11: =COUNTIFS('Black Box Test Cases'!B2:B49,A11,'Black Box Test Cases'!H2:H49,"Pass") -> 13 | D11: =COUNTIFS('Black Box Test Cases'!B2:B49,A11,'Black Box Test Cases'!H2:H49,"Fail") -> 0
A12: Appointment | B12: =COUNTIF('Black Box Test Cases'!B2:B49,A12) -> 12 | C12: =COUNTIFS('Black Box Test Cases'!B2:B49,A12,'Black Box Test Cases'!H2:H49,"Pass") -> 12 | D12: =COUNTIFS('Black Box Test Cases'!B2:B49,A12,'Black Box Test Cases'!H2:H49,"Fail") -> 0
A13: Billing | B13: =COUNTIF('Black Box Test Cases'!B2:B49,A13) -> 9 | C13: =COUNTIFS('Black Box Test Cases'!B2:B49,A13,'Black Box Test Cases'!H2:H49,"Pass") -> 9 | D13: =COUNTIFS('Black Box Test Cases'!B2:B49,A13,'Black Box Test Cases'!H2:H49,"Fail") -> 0
A14: General | B14: =COUNTIF('Black Box Test Cases'!B2:B49,A14) -> 1 | C14: =COUNTIFS('Black Box Test Cases'!B2:B49,A14,'Black Box Test Cases'!H2:H49,"Pass") -> 1 | D14: =COUNTIFS('Black Box Test Cases'!B2:B49,A14,'Black Box Test Cases'!H2:H49,"Fail") -> 0
A16: Notes
A17: Black-box method: each case gives inputs through the program menu and compares the printed output with the expected output, without looking at the code.
A18: Actual Output was recorded by running the program with the listed input. Re-run on your own machine and attach screenshots as evidence.
A19: Project: Hospital Management System (Python console + SQLite). Team: Atif Azmi, Mo Atif Azmi.
